<?xml version="1.0" encoding="UTF-8"?>
<!DOCTYPE hibernate-mapping PUBLIC  
 "-//Hibernate/Hibernate Mapping DTD 3.0//EN"  
 "file:/D:/Users/temp/Downloads/Hibernate/hibernate-mapping-3.0.dtd"> 
 <hibernate-mapping>
 <class name="com.capgemini.entity.Employee" table="cgemployee">
 <cache usage="read-only"/>
 <id name="empId" column="emp_id">
 <generator class="sequence"></generator>
 </id>
 <property name="empName" column="emp_name" type="string" not-null="true"></property>
 <property name="empSalary" column="emp_sal" not-null="true" type="float"></property>
 </class>
 
 </hibernate-mapping>