<?xml version="1.0" encoding="UTF-8"?>
<!DOCTYPE hibernate-configuration PUBLIC  
          "-//Hibernate/Hibernate Configuration DTD 3.0//EN"  
          "file:/D:/Users/temp/Downloads/Hibernate/hibernate-configuration-3.0.dtd">
          <hibernate-configuration>
          <session-factory>
          <property name="hbm2ddl.auto">update</property>
          <property name="show_sql">true</property>
          <property name="dialect">org.hibernate.dialect.OracleDialect</property>
          <property name="connection.driver_class">oracle.jdbc.driver.OracleDriver</property>
          <property name="connection.url">jdbc:oracle:thin:@localhost:1521:XE</property>
          <property name="connection.username">system</property>
          <property name="connection.password">admin</property>
          <property name="hibernate.cache.use_second_level_cache">true</property>
          <property name="cache.provider_class">org.hibernate.cache.EhCacheProvider</property>
          
         
          <mapping resource="Employee.hbm.xml"/>
          </session-factory>
          </hibernate-configuration>  